{
  "images" : [
    {
      "filename" : "vrg_illo_190607_youtube_LGBTQ_0001-20@2x-1.png",
      "idiom" : "iphone",
      "scale" : "2x",
      "size" : "20x20"
    },
    {
      "filename" : "vrg_illo_190607_youtube_LGBTQ_0001-20@3x.png",
      "idiom" : "iphone",
      "scale" : "3x",
      "size" : "20x20"
    },
    {
      "filename" : "vrg_illo_190607_youtube_LGBTQ_0001-29@2x-1.png",
      "idiom" : "iphone",
      "scale" : "2x",
      "size" : "29x29"
    },
    {
      "filename" : "vrg_illo_190607_youtube_LGBTQ_0001-29@3x.png",
      "idiom" : "iphone",
      "scale" : "3x",
      "size" : "29x29"
    },
    {
      "filename" : "vrg_illo_190607_youtube_LGBTQ_0001-40@2x.png",
      "idiom" : "iphone",
      "scale" : "2x",
      "size" : "40x40"
    },
    {
      "filename" : "vrg_illo_190607_youtube_LGBTQ_0001-40@3x.png",
      "idiom" : "iphone",
      "scale" : "3x",
      "size" : "40x40"
    },
    {
      "filename" : "vrg_illo_190607_youtube_LGBTQ_0001-60@2x.png",
      "idiom" : "iphone",
      "scale" : "2x",
      "size" : "60x60"
    },
    {
      "filename" : "vrg_illo_190607_youtube_LGBTQ_0001-60@3x.png",
      "idiom" : "iphone",
      "scale" : "3x",
      "size" : "60x60"
    },
    {
      "filename" : "vrg_illo_190607_youtube_LGBTQ_0001-20.png",
      "idiom" : "ipad",
      "scale" : "1x",
      "size" : "20x20"
    },
    {
      "filename" : "vrg_illo_190607_youtube_LGBTQ_0001-20@2x.png",
      "idiom" : "ipad",
      "scale" : "2x",
      "size" : "20x20"
    },
    {
      "filename" : "vrg_illo_190607_youtube_LGBTQ_0001-29.png",
      "idiom" : "ipad",
      "scale" : "1x",
      "size" : "29x29"
    },
    {
      "filename" : "vrg_illo_190607_youtube_LGBTQ_0001-29@2x.png",
      "idiom" : "ipad",
      "scale" : "2x",
      "size" : "29x29"
    },
    {
      "filename" : "vrg_illo_190607_youtube_LGBTQ_0001-40.png",
      "idiom" : "ipad",
      "scale" : "1x",
      "size" : "40x40"
    },
    {
      "filename" : "vrg_illo_190607_youtube_LGBTQ_0001-40@2x-1.png",
      "idiom" : "ipad",
      "scale" : "2x",
      "size" : "40x40"
    },
    {
      "filename" : "vrg_illo_190607_youtube_LGBTQ_0001-76.png",
      "idiom" : "ipad",
      "scale" : "1x",
      "size" : "76x76"
    },
    {
      "filename" : "vrg_illo_190607_youtube_LGBTQ_0001-76@2x.png",
      "idiom" : "ipad",
      "scale" : "2x",
      "size" : "76x76"
    },
    {
      "filename" : "vrg_illo_190607_youtube_LGBTQ_0001-83.5@2x.png",
      "idiom" : "ipad",
      "scale" : "2x",
      "size" : "83.5x83.5"
    },
    {
      "filename" : "vrg_illo_190607_youtube_LGBTQ_0001-1024.png",
      "idiom" : "ios-marketing",
      "scale" : "1x",
      "size" : "1024x1024"
    }
  ],
  "info" : {
    "author" : "xcode",
    "version" : 1
  }
}
